Age,Gender,Zip Code,Education,Employment,Marital Status,Marital Parent,Relationship,Race,Salary,Disease Parent,Group ID
39,Male,77516,Bachelors,State-gov,Never-married,Unmarried,Not-in-family,White,<=50K,Respiratory disease,1
50,Male,83311,Bachelors,Self-emp-not-inc,Married-civ-spouse,Married,Husband,White,<=50K,Mental disorder,1
38,Male,215646,HS-grad,Private,Divorced,Unmarried,Not-in-family,White,<=50K,Circulatory_system disorder,1
53,Male,234721,11th,Private,Married-civ-spouse,Married,Husband,Black,<=50K,Excretory_system disorder,2
28,Female,338409,Bachelors,Private,Married-civ-spouse,Married,Wife,Black,<=50K,Circulatory_system disorder,2
31,Female,45781,Masters,Private,Never-married,Unmarried,Not-in-family,White,>50K,Digestive disorder,2
49,Female,160187,9th,Private,Married-spouse-absent,Married,Not-in-family,Black,<=50K,Digestive disorder,3
52,Male,209642,HS-grad,Self-emp-not-inc,Married-civ-spouse,Married,Husband,White,>50K,Mental disorder,3
37,Female,284582,Masters,Private,Married-civ-spouse,Married,Wife,White,<=50K,Circulatory_system disorder,3
42,Male,159449,Bachelors,Private,Married-civ-spouse,Married,Husband,White,>50K,Excretory_system disorder,4
37,Male,280464,Some-college,Private,Married-civ-spouse,Married,Husband,Black,>50K,Digestive disorder,4
30,Male,141297,Bachelors,State-gov,Married-civ-spouse,Married,Husband,Asian-Pac-Islander,>50K,Respiratory disease,4
23,Female,122272,Bachelors,Private,Never-married,Unmarried,Own-child,White,<=50K,Digestive disorder,5
32,Male,205019,Assoc-acdm,Private,Never-married,Unmarried,Not-in-family,Black,<=50K,Excretory_system disorder,5
40,Male,121772,Assoc-voc,Private,Married-civ-spouse,Married,Husband,Asian-Pac-Islander,>50K,Respiratory disease,5
34,Male,245487,7th-8th,Private,Married-civ-spouse,Married,Husband,Amer-Indian-Eskimo,<=50K,Excretory_system disorder,6
32,Male,186824,HS-grad,Private,Never-married,Unmarried,Unmarried,White,<=50K,Circulatory_system disorder,6
43,Female,292175,Masters,Self-emp-not-inc,Divorced,Unmarried,Unmarried,White,>50K,Digestive disorder,6
38,Male,28887,11th,Private,Married-civ-spouse,Married,Husband,White,<=50K,Digestive disorder,7
25,Male,176756,HS-grad,Self-emp-not-inc,Never-married,Unmarried,Own-child,White,<=50K,Excretory_system disorder,7
45,Male,386940,Bachelors,Private,Divorced,Unmarried,Own-child,White,<=50K,Respiratory disease,7
54,Female,302146,HS-grad,Private,Separated,Unmarried,Unmarried,Black,<=50K,Mental disorder,8
35,Male,76845,9th,Federal-gov,Married-civ-spouse,Married,Husband,Black,<=50K,Digestive disorder,8
19,Female,544091,HS-grad,Private,Married-AF-spouse,Married,Wife,White,<=50K,Respiratory disease,8
59,Female,109015,HS-grad,Private,Divorced,Unmarried,Unmarried,White,<=50K,Mental disorder,9
56,Male,216851,Bachelors,Local-gov,Married-civ-spouse,Married,Husband,White,>50K,Circulatory_system disorder,9
19,Male,168294,HS-grad,Private,Never-married,Unmarried,Own-child,White,<=50K,Respiratory disease,9
54,Male,180211,Some-college,?,Married-civ-spouse,Married,Husband,Asian-Pac-Islander,>50K,Digestive disorder,10
39,Male,367260,HS-grad,Private,Divorced,Unmarried,Not-in-family,White,<=50K,Respiratory disease,10
49,Male,193366,HS-grad,Private,Married-civ-spouse,Married,Husband,White,<=50K,Mental disorder,10
23,Male,190709,Assoc-acdm,Local-gov,Never-married,Unmarried,Not-in-family,White,<=50K,Digestive disorder,11
20,Male,266015,Some-college,Private,Never-married,Unmarried,Own-child,Black,<=50K,Respiratory disease,11
44,Female,128354,Masters,Private,Divorced,Unmarried,Unmarried,White,<=50K,Circulatory_system disorder,11
30,Male,59951,Some-college,Federal-gov,Married-civ-spouse,Married,Own-child,White,<=50K,Respiratory disease,12
22,Male,311512,Some-college,State-gov,Married-civ-spouse,Married,Husband,Black,<=50K,Digestive disorder,12
21,Male,197200,Some-college,Private,Never-married,Unmarried,Own-child,White,<=50K,Respiratory disease,13
31,Male,84154,Some-college,Private,Married-civ-spouse,Married,Husband,White,>50K,Excretory_system disorder,13
40,Male,193524,Doctorate,Private,Married-civ-spouse,Married,Husband,White,>50K,Digestive disorder,13
48,Male,265477,Assoc-acdm,Self-emp-not-inc,Married-civ-spouse,Married,Husband,White,<=50K,Circulatory_system disorder,14
31,Male,507875,9th,Private,Married-civ-spouse,Married,Husband,White,<=50K,Excretory_system disorder,14
53,Male,88506,Bachelors,Self-emp-not-inc,Married-civ-spouse,Married,Husband,White,<=50K,Respiratory disease,14
24,Male,172987,Bachelors,Private,Married-civ-spouse,Married,Husband,White,<=50K,Respiratory disease,15
49,Female,94638,HS-grad,Private,Separated,Unmarried,Unmarried,White,<=50K,Excretory_system disorder,15
25,Male,289980,HS-grad,Private,Never-married,Unmarried,Not-in-family,White,<=50K,Digestive disorder,15
57,Male,337895,Bachelors,Federal-gov,Married-civ-spouse,Married,Husband,Black,>50K,Excretory_system disorder,16
53,Male,144361,HS-grad,Private,Married-civ-spouse,Married,Husband,White,<=50K,Circulatory_system disorder,16
43,Male,117037,11th,Private,Married-civ-spouse,Married,Husband,White,<=50K,Digestive disorder,16
41,Male,101603,Assoc-voc,State-gov,Married-civ-spouse,Married,Husband,White,<=50K,Excretory_system disorder,17
29,Male,271466,Assoc-voc,Private,Never-married,Unmarried,Not-in-family,White,<=50K,Respiratory disease,17
48,Male,242406,11th,Private,Never-married,Unmarried,Unmarried,White,<=50K,Digestive disorder,17
